Max Plume Concentration (ppm m),UTC Time Observed,Latitude of max concentration,Longitude of max concentration,Concentration Uncertainty (ppm m)
2895.0,2022-08-10T06:49:57Z,31.12788965249969,35.20281459382317,553.0
1331.0,2022-08-10T06:49:57Z,31.909788946709373,36.229802987188734,343.0
3401.0,2022-08-10T06:49:57Z,35.299284430831925,40.45650548258711,526.0
1364.0,2022-08-10T06:49:57Z,35.27705289750141,40.512897664693774,308.0
1312.0,2022-08-11T04:26:30Z,22.33125147638067,56.40898622852942,383.0
1266.0,2022-08-14T05:14:12Z,34.89369450568018,41.13809176054937,386.0
4626.0,2022-08-15T04:28:26Z,39.46254572136032,53.774278412603756,422.0
4694.0,2022-08-15T04:28:26Z,39.36060600755212,53.7650604597594,313.0
1565.0,2022-08-15T04:28:26Z,39.35409921730904,53.872964731290416,389.0
2189.0,2022-08-15T07:46:45Z,49.90919745661948,72.21560642652278,670.0
4008.0,2022-08-15T14:08:23Z,28.82285920888986,20.851546480197996,368.0
1750.0,2022-08-16T03:44:09Z,45.9975320554901,72.70144676467247,470.0
1207.0,2022-08-16T10:10:35Z,40.24986734077262,58.4369358542883,250.0
1626.0,2022-08-16T10:10:35Z,39.67564310182113,60.19648038252021,252.0
1494.0,2022-08-16T11:45:05Z,36.16089190551928,41.073566090638906,385.0
3867.0,2022-08-17T04:32:35Z,50.23074134113155,72.90586842480911,936.0
4170.0,2022-08-17T04:32:35Z,50.223692318368215,72.67053951101785,955.0
1973.0,2022-08-17T09:20:38Z,45.344141868581104,55.188420825432345,337.0
2348.0,2022-08-18T03:42:31Z,46.549524761111066,64.67098313967578,427.0
4381.0,2022-08-18T07:01:05Z,44.037903727283506,87.8698592863241,980.0
1376.0,2022-08-18T08:35:06Z,41.102256862615576,69.49468363987636,457.0
4122.0,2022-08-18T11:44:40Z,31.928767084918412,36.19618457093288,818.0
1806.0,2022-08-19T09:22:31Z,36.231924365672924,59.98121407197843,328.0
965.0,2022-08-19T12:30:47Z,29.246885039730333,21.546688571166552,270.0
4281.0,2022-08-20T05:28:04Z,39.090031979944264,109.47890968358048,670.0
3049.0,2022-08-20T08:33:24Z,40.04761461071691,61.04453204420112,432.0
1494.0,2022-08-20T08:33:24Z,40.16907469525434,60.79022499220088,298.0
1268.0,2022-08-22T06:57:13Z,41.6260534771832,69.53968893905758,357.0
1605.0,2022-08-22T10:06:53Z,31.933104945080476,36.20974038393924,403.0
9362.0,2022-08-23T07:45:04Z,36.208608367301906,61.52061219698625,401.0
2042.0,2022-08-23T07:45:04Z,36.20481273966011,61.57700437909291,406.0
1113.0,2022-08-23T07:45:04Z,35.977617313672695,61.91535747173288,216.0
889.0,2022-08-23T07:45:04Z,35.83392569580476,61.946806957907754,199.0
4466.0,2022-08-26T06:54:35Z,37.92856992155512,53.914716635350175,446.0
3339.0,2022-08-26T06:54:35Z,37.90796508578538,53.89682296218171,463.0
1391.0,2022-08-26T06:54:35Z,37.8927825752182,53.91580110039068,396.0
3176.0,2022-08-26T06:54:35Z,37.73607737686411,53.92989914591735,566.0
1635.0,2022-08-26T08:29:15Z,33.33369154490263,36.436393577406484,328.0
5126.0,2022-08-26T17:46:42Z,32.356588543400676,-104.09238199987587,498.0
2025.0,2022-08-26T17:46:42Z,32.24055078406582,-104.05388349093766,503.0
2251.0,2022-08-27T06:06:54Z,37.34024763707695,60.487117013377585,468.0
3440.0,2022-08-27T06:06:54Z,36.63534536074367,61.63990335144262,249.0
5493.0,2022-08-27T06:06:54Z,36.471048907105995,61.45825545715674,668.0
2685.0,2022-08-27T06:06:54Z,36.41791012012087,61.5444704278775,501.0
4107.0,2022-08-27T06:06:54Z,36.372362588419335,61.55639954332314,444.0
8691.0,2022-08-27T06:06:54Z,36.47918239490984,61.63664995632109,340.0
4154.0,2022-08-27T06:06:54Z,36.40055867947267,61.57863107665365,332.0
2048.0,2022-08-27T06:06:54Z,36.48514695263266,61.63285432867929,389.0
1040.0,2022-08-27T06:06:54Z,36.378869378662415,61.91698416929363,161.0
2204.0,2022-08-27T07:40:30Z,36.98400087126844,37.40156746346275,453.0
1549.0,2022-08-27T10:49:27Z,28.118499165076894,0.31665870556906806,360.0
3855.0,2022-08-28T05:18:53Z,39.97387098796205,61.6800285579416,247.0
1406.0,2022-08-28T05:18:53Z,39.9185632708959,62.348059022897445,262.0
2289.0,2022-08-28T05:18:53Z,40.051410238358706,62.59857044725588,263.0
1791.0,2022-08-28T05:18:53Z,39.133952814084935,63.26334751709019,226.0
3714.0,2022-08-28T05:18:53Z,39.01791505475008,64.07398513487345,693.0
2849.0,2022-08-28T05:18:53Z,39.01249272954751,64.09242104056217,443.0
6397.0,2022-08-28T05:18:53Z,38.786381768600606,64.63736472341982,244.0
4353.0,2022-08-28T05:18:53Z,38.66166828894164,64.77454955104469,297.0
2292.0,2022-08-28T06:53:00Z,36.97532515094439,42.81359024814158,444.0
1593.0,2022-08-28T06:53:00Z,36.17932781120805,43.89209073093149,379.0
9456.0,2022-08-28T06:55:50Z,30.064571680276984,51.54570275435014,1417.0
1140.0,2022-08-28T08:28:47Z,29.70886714698885,28.631498680836312,168.0
1013.0,2022-08-28T08:28:47Z,29.523423625061174,28.43792167110479,221.0
2122.0,2022-08-28T08:28:47Z,29.566259994161427,28.526305571906576,298.0
870.0,2022-08-28T08:28:47Z,29.550535251073992,28.537150222311706,261.0
2333.0,2022-08-28T08:28:47Z,29.6025895730186,28.616316170269133,323.0
4289.0,2022-08-29T06:06:27Z,35.460869721868335,51.32609858364622,474.0
2630.0,2022-08-29T06:09:13Z,27.306777082253078,60.27835749307893,529.0
2618.0,2022-08-29T06:09:13Z,27.263940713152824,60.69370760359531,479.0
2087.0,2022-08-29T16:55:53Z,36.381038308743435,-114.85623975948467,564.0
1326.0,2022-08-30T06:52:44Z,33.32284689449749,36.44127367008873,333.0
1278.0,2022-08-31T06:07:02Z,29.04951240235703,47.585236426397636,216.0
1803.0,2022-08-31T06:07:02Z,29.170430254374203,47.924131751557866,356.0
2599.0,2022-09-01T03:43:18Z,38.26095845647221,66.01463532487095,552.0
1929.0,2022-09-01T03:43:18Z,38.31463947597759,66.07048527445735,359.0
4484.0,2022-09-01T03:43:18Z,38.48923834750014,65.98915039641889,797.0
2516.0,2022-09-01T03:43:18Z,38.49737183530399,66.0102974647089,418.0
5882.0,2022-09-01T03:43:18Z,38.51689220603321,66.00216397690505,1213.0
6454.0,2022-09-01T03:43:18Z,38.54129266944475,66.00379067446582,1263.0
3635.0,2022-09-01T03:43:18Z,38.536412576762444,66.018973185033,468.0
1054.0,2022-09-01T03:43:18Z,38.533701414161165,65.92625142406916,278.0
3876.0,2022-09-01T03:43:18Z,38.5407504369245,65.94631402731865,405.0
1217.0,2022-09-01T03:43:18Z,38.56081304017398,65.9506518874807,382.0
1112.0,2022-09-01T03:43:18Z,38.54020820440424,65.88829514765122,304.0
1644.0,2022-09-01T03:43:18Z,38.52014560115475,65.88449952000941,372.0
2875.0,2022-09-01T05:17:09Z,35.48635465032045,45.43962234374311,501.0
3566.0,2022-09-01T05:17:09Z,35.17782434629457,47.00775879232452,548.0
9768.0,2022-09-01T05:19:20Z,29.741401098204207,53.24777063543486,682.0
3883.0,2022-09-01T08:25:25Z,28.6905544739473,7.191082597379277,304.0
2999.0,2022-09-03T05:19:24Z,24.60808582893714,46.897143358192295,487.0
773.0,2022-09-03T06:52:42Z,22.695089497472697,24.66940565532302,163.0
1121.0,2022-09-03T08:25:37Z,22.955361107195703,1.0915089770154107,239.0
1878.0,2022-09-09T07:02:54Z,-25.461122859015497,28.121257879275046,488.0
2891.0,2022-09-09T07:02:54Z,-26.213741597131335,29.103783205979582,636.0
3108.0,2022-09-09T07:02:54Z,-26.257120198751842,29.117881251506248,538.0
3473.0,2022-09-09T07:02:54Z,-26.46316855644926,29.286515565305976,631.0
3065.0,2023-01-07T14:38:18Z,-34.23390280424329,-70.70658349517062,659.0
3949.0,2023-01-11T13:01:07Z,-32.952607358877465,-70.79605186101298,662.0
1305.0,2023-01-11T13:01:07Z,-36.364334376330525,-67.07308337693277,507.0
12033.0,2023-01-19T04:02:23Z,-22.987458101605927,148.57929671926743,1101.0
2383.0,2023-01-19T04:02:23Z,-22.980409078842595,148.6953344786023,1682.0
1034.0,2023-01-21T16:17:47Z,-36.36487660885085,-67.0741678419732,397.0
5296.0,2023-01-22T15:31:51Z,-34.52399720258047,-58.619136153615685,821.0
7332.0,2023-01-23T08:53:11Z,24.635197454950017,91.59228553788405,1669.0
3768.0,2023-01-25T00:47:44Z,-32.68528672639112,151.07519301000704,802.0
21943.0,2023-01-25T00:47:44Z,-32.46947818332908,151.07410854496655,1414.0
5476.0,2023-01-26T06:27:16Z,13.58070306448341,100.66980015949592,737.0
2004.0,2023-01-26T12:43:35Z,28.12663265288068,18.792147368264278,347.0
2448.0,2023-01-27T16:21:04Z,-11.921576828213984,-77.11902527972246,537.0
3070.0,2023-01-27T16:21:04Z,-11.80879246400066,-77.06371756265632,465.0
1175.0,2023-01-28T12:41:18Z,28.482879418689127,7.516964342053367,280.0
1364.0,2023-01-28T12:41:18Z,28.608677363388605,7.253981569729029,262.0
1765.0,2023-01-28T12:41:18Z,28.65205596500911,7.68071856317079,388.0
1343.0,2023-01-29T08:46:11Z,22.870230601515473,55.615157818874124,303.0
3398.0,2023-01-29T13:03:21Z,-38.749073000418036,-68.19984255402548,527.0
2002.0,2023-01-29T13:03:21Z,-38.05935323465194,-67.82624434756885,575.0
2651.0,2023-01-30T09:35:55Z,35.456531861706324,51.34128109421342,544.0
2371.0,2023-01-30T18:49:23Z,25.87257206617506,-100.29838105564168,560.0
2822.0,2023-01-31T05:39:24Z,26.79599404817155,94.68463760090611,681.0
4167.0,2023-01-31T05:39:24Z,27.286172246483307,95.23391914392582,603.0
2515.0,2023-01-31T05:43:17Z,37.17703564847979,106.75202233921112,420.0
4530.0,2023-01-31T05:43:17Z,37.85265736871922,108.59127504792072,443.0
1092.0,2023-01-31T05:43:17Z,38.17365902071099,108.34564371624458,372.0
3404.0,2023-01-31T08:49:13Z,37.474721302100455,61.026096138512465,513.0
3093.0,2023-02-01T07:53:26Z,15.479059117900919,44.148024480492445,641.0
1116.0,2023-02-02T07:08:03Z,21.87631839188559,55.985502630209204,302.0
1198.0,2023-02-02T07:08:03Z,22.15502590729736,56.02833899930946,388.0
2403.0,2023-02-02T19:38:21Z,41.97037112754598,-108.2941417993423,742.0
11304.0,2023-02-03T06:22:56Z,28.943777060907067,69.04951074074584,904.0
2038.0,2023-02-03T06:22:56Z,38.66058382390116,80.47706110514878,359.0
1021.0,2023-02-03T06:22:56Z,38.6551614986986,80.48953245311468,394.0
15229.0,2023-02-03T17:14:34Z,34.13999130252381,-90.63905093979469,1841.0
3877.0,2023-02-04T04:06:49Z,38.9490515246776,111.09313589638445,575.0
6556.0,2023-02-04T04:10:09Z,46.096760606696975,125.24703137263575,968.0
2203.0,2023-02-04T07:07:01Z,24.614592619180247,46.89226326550993,363.0
2789.0,2023-02-04T07:11:17Z,36.23951562095646,59.99151648986322,588.0
3211.0,2023-02-04T07:11:44Z,37.47417906958028,61.027180603552935,373.0
1651.0,2023-02-04T08:41:39Z,29.69260017138115,28.408098882490634,252.0
2548.0,2023-02-04T08:41:39Z,30.748326888320296,29.42641155553209,371.0
7143.0,2023-02-05T17:12:44Z,32.084930050752206,-104.49309183234462,1276.0
2820.0,2023-02-05T17:12:44Z,32.15162465074374,-104.07177716410541,434.0
2243.0,2023-02-05T17:12:44Z,32.15108241822349,-103.99586461126952,426.0
2038.0,2023-02-05T17:12:44Z,32.20584790276938,-104.01375828443798,416.0
1971.0,2023-02-05T17:12:44Z,32.3224278946245,-103.7849361608898,369.0
1501.0,2023-02-05T17:12:44Z,32.3099565466586,-104.05225679337619,358.0
4753.0,2023-02-05T17:12:44Z,32.41298072550731,-104.06364367630158,469.0
2302.0,2023-02-05T17:12:44Z,32.57727717914499,-104.17642804051489,520.0
4064.0,2023-02-06T16:25:14Z,30.4105160282005,-99.90309354837434,872.0
2972.0,2023-02-14T07:24:57Z,37.00026784687614,105.26359407110762,584.0
1829.0,2023-02-14T08:57:15Z,38.750052189743506,80.05683090195016,373.0
3826.0,2023-02-14T10:34:22Z,27.035118589604657,69.71808343822195,433.0
1700.0,2023-02-14T10:34:22Z,27.140311698534394,69.75278631951836,314.0
2817.0,2023-02-14T10:34:22Z,25.903479319829618,71.57360312253924,409.0
3122.0,2023-02-15T06:36:26Z,39.474474836805996,107.13700742859407,425.0
2892.0,2023-02-15T11:19:33Z,27.74706988870123,52.166558990043626,506.0
2170.0,2023-02-15T20:33:54Z,35.26403931701526,-97.98955498439004,516.0
3301.0,2023-02-16T13:36:26Z,31.77802644428709,5.994375425173483,339.0
4580.0,2023-02-16T13:36:26Z,31.74766142315273,5.99925551785579,802.0
2290.0,2023-02-16T13:36:26Z,31.669579940235813,6.194459225148083,483.0
1072.0,2023-02-16T13:36:26Z,31.78236430444914,6.215606293438081,305.0
1150.0,2023-02-16T13:36:26Z,30.260317620089516,8.09010411596434,336.0
5765.0,2023-02-17T06:32:21Z,44.036819262243014,87.85521900827725,1179.0
2989.0,2023-02-17T11:16:03Z,31.93635834020197,36.185882153048006,472.0
2203.0,2023-02-17T20:31:34Z,35.38712609911347,-110.33239384298538,531.0
5079.0,2023-02-17T20:31:34Z,27.81756011633459,-101.18167783113893,745.0
2292.0,2023-02-18T08:56:51Z,28.411304726015306,69.90135803006862,542.0
2245.0,2023-02-18T08:56:51Z,28.427029469102738,69.69368297481043,424.0
6312.0,2023-02-18T08:56:51Z,27.96125173420252,69.81026296666555,930.0
3047.0,2023-02-18T08:56:51Z,25.900768157228324,71.57306089001901,277.0
2370.0,2023-02-18T10:27:23Z,34.68168159025989,38.62430179664086,294.0
1239.0,2023-02-18T12:02:10Z,29.14277639584116,21.45234011264195,310.0
2186.0,2023-02-18T12:02:10Z,29.183443834860388,21.42522848662913,309.0
1220.0,2023-02-18T12:02:10Z,29.25176513241269,21.544519641085532,228.0
3569.0,2023-02-18T18:10:54Z,35.339951869851205,-80.65655024187502,609.0
1340.0,2023-02-19T06:31:55Z,40.79860665127203,83.67460627710064,292.0
3454.0,2023-02-19T08:05:03Z,40.051410238358784,61.0445320442011,223.0
5871.0,2023-02-19T08:05:03Z,38.564608667815826,62.78401396918352,546.0
2320.0,2023-02-19T08:05:03Z,38.568404295457626,62.72924848463763,450.0
2774.0,2023-02-19T08:05:03Z,37.95297038496665,63.52904145201577,438.0
1471.0,2023-02-19T08:05:03Z,37.94321019960203,63.4975919658409,385.0
1157.0,2023-02-19T08:05:03Z,37.951343687405874,63.479156060152185,365.0
1814.0,2023-02-19T09:39:08Z,36.94224896720875,42.12603941245648,396.0
5011.0,2023-02-19T09:39:08Z,35.414237725126306,44.1973676398358,861.0
3273.0,2023-02-19T09:39:08Z,31.24013178419279,48.99016088638182,782.0
6606.0,2023-02-19T09:39:08Z,31.269954572806892,48.88388331241158,805.0
1493.0,2023-02-19T09:39:08Z,31.25097643459792,48.914248333545935,384.0
1740.0,2023-02-19T09:39:08Z,31.12409402485793,49.13493696929027,390.0
2160.0,2023-02-19T09:39:08Z,31.12951635006049,49.32580281642051,516.0
6992.0,2023-02-19T09:39:08Z,30.944072828132814,49.88159114968329,657.0
2663.0,2023-02-19T09:39:08Z,30.761882701326677,49.985699793572515,567.0
9240.0,2023-02-19T09:39:08Z,30.360630636336964,49.88213338220355,637.0
2835.0,2023-02-19T19:05:39Z,9.73139440318345,-73.50396106717324,527.0
5067.0,2023-02-20T05:45:40Z,37.303918058219686,94.30453260420646,548.0
1182.0,2023-02-20T05:45:40Z,37.365190333008655,94.1624676838993,437.0
2594.0,2023-02-20T05:45:40Z,37.368443728130195,94.13698275544724,398.0
8137.0,2023-02-20T07:15:30Z,43.98801833541994,58.66792690791742,957.0
1205.0,2023-02-20T10:32:20Z,15.576660971547126,45.80291813231489,290.0
4792.0,2023-02-20T10:32:20Z,15.562020693500205,45.79641134207181,316.0
998.0,2023-02-20T10:32:20Z,15.602145899999176,46.00245969976923,236.0
4615.0,2023-02-20T10:32:20Z,15.596723574796611,46.02089560545795,432.0
1628.0,2023-02-20T19:43:24Z,33.08318012054419,-112.28605761346903,384.0
1776.0,2023-02-20T19:43:24Z,26.94348129368135,-105.72558635088724,562.0
2597.0,2023-02-20T19:47:23Z,22.30630878044885,-100.93279310434119,437.0
11798.0,2023-02-21T04:56:04Z,44.041699354925306,87.86281026356076,1096.0
2396.0,2023-02-21T06:30:01Z,42.18238404296627,69.48492345451174,599.0
2164.0,2023-02-21T09:39:54Z,31.9260559223171,36.189135548169574,622.0
1425.0,2023-02-21T09:39:54Z,31.92442922475633,36.1999801985747,411.0
2451.0,2023-02-22T08:51:06Z,37.055575563942334,35.39801830111551,675.0
6805.0,2023-02-23T04:56:45Z,41.80173681374631,81.30233900097898,1022.0
2718.0,2023-02-23T04:56:45Z,40.85716776345972,83.45174871127521,333.0
5145.0,2023-02-23T06:30:22Z,40.047614610716934,61.045616509241626,268.0
1174.0,2023-02-23T06:30:22Z,40.00911610177874,60.93988116779163,212.0
3666.0,2023-02-23T06:30:22Z,39.97278652292156,61.685450883144135,179.0
2140.0,2023-02-23T06:30:22Z,38.564066435295516,62.78564066674431,367.0
1995.0,2023-02-23T06:30:22Z,38.59063582878808,62.780760574062,351.0
3183.0,2023-02-23T06:30:22Z,37.95459708252736,63.530125917056296,340.0
1373.0,2023-02-23T06:30:22Z,37.94700582724377,63.49813419836117,291.0
1869.0,2023-02-23T06:30:22Z,38.1839614385958,63.30455718862965,325.0
1207.0,2023-02-23T06:30:22Z,38.36777826296271,63.252502866685035,254.0
2571.0,2023-02-23T08:04:47Z,36.442310583532404,42.9204100546321,686.0
5326.0,2023-02-23T08:04:47Z,36.30946361606959,43.08904436843183,666.0
7826.0,2023-02-24T04:11:58Z,37.35705684520485,94.13535605788644,489.0
2379.0,2023-02-24T04:11:58Z,37.308798150902035,94.2947724188418,661.0
6506.0,2023-02-24T04:11:58Z,37.29795350049691,94.30561706924694,1283.0
5252.0,2023-02-24T04:11:58Z,37.29470010537537,94.29206125624053,651.0
2296.0,2023-02-24T08:58:31Z,15.596181342276383,46.02414900057952,323.0
3030.0,2023-02-24T08:58:31Z,15.563105158540745,45.80183366727441,208.0
824.0,2023-02-24T08:58:31Z,15.579914366668692,45.797495807112355,348.0
6084.0,2023-02-24T10:22:19Z,40.25528966597518,-3.636216367099861,866.0
5820.0,2023-02-24T18:10:00Z,32.11854846700815,-110.82582543641892,1245.0
1798.0,2023-02-24T18:10:00Z,32.118006234487886,-110.8784219908838,469.0
3225.0,2023-02-24T18:14:29Z,19.403738099516584,-98.84194450623306,638.0
4694.0,2023-02-24T18:14:29Z,19.323487686518643,-98.80181929973409,675.0
3272.0,2023-02-24T18:14:29Z,19.46229921170427,-99.01654337775561,603.0
2367.0,2023-02-24T18:14:29Z,18.986761291439436,-98.13704222989979,496.0
3699.0,2023-02-25T05:06:19Z,14.056783217268498,99.97194690592598,837.0
3049.0,2023-02-25T05:06:19Z,13.620828270982377,100.55810026032312,898.0
2450.0,2023-02-25T05:06:19Z,13.577991901882125,100.67034239201618,795.0
4039.0,2023-02-25T08:05:31Z,32.50895588159272,36.10942736769181,921.0
2630.0,2023-02-25T08:05:31Z,31.924971457276616,36.195100105892315,452.0
1547.0,2023-02-26T04:10:22Z,38.81186669705266,80.00314988244479,284.0
1492.0,2023-02-26T04:10:22Z,38.75710121250677,80.05249304178813,217.0
4466.0,2023-02-26T05:47:14Z,28.94269259586657,69.04788404318516,752.0
2305.0,2023-02-27T15:57:14Z,9.53998632353293,-73.50341883465295,471.0
1868.0,2023-02-27T15:57:14Z,9.729767705622658,-73.50721446229474,480.0
2992.0,2023-03-11T12:59:54Z,-29.836397064964128,-64.40692607483214,712.0
1136.0,2023-03-18T04:52:50Z,-32.0226785866378,141.42453861448502,415.0
2456.0,2023-03-24T09:49:19Z,26.756953306713182,83.22129989016632,719.0
3037.0,2023-03-24T09:49:19Z,27.76767472447105,83.49566954541605,866.0
3046.0,2023-03-25T12:11:18Z,35.462496419429065,51.330436443808345,689.0
2118.0,2023-03-25T12:11:18Z,35.48472795275958,51.296818027552455,536.0
865.0,2023-03-25T13:41:23Z,28.172722417102506,19.143514041390386,250.0
960.0,2023-03-25T13:41:23Z,28.09897879434764,19.252502777961915,238.0
1639.0,2023-03-25T13:41:23Z,28.205798600838143,19.915110917715193,251.0
1892.0,2023-03-25T13:41:23Z,28.708990379636052,19.851127480324944,373.0
4399.0,2023-03-25T15:17:28Z,36.81428209242826,5.877795433318367,974.0
2956.0,2023-03-26T08:19:55Z,39.090574212464425,109.48433200878345,715.0
2080.0,2023-03-26T11:25:09Z,37.4774324647018,61.0260961385124,485.0
1285.0,2023-03-26T14:30:19Z,35.76451993321195,10.45857576444415,442.0
3040.0,2023-03-27T07:33:31Z,40.54538406431225,117.74741338496996,605.0
4746.0,2023-03-30T09:49:34Z,37.476890232181475,61.02609613851246,596.0
3020.0,2023-03-30T09:49:34Z,39.59593492134336,64.58368370391447,517.0
4070.0,2023-03-30T09:49:34Z,40.08448642209434,65.1264584566911,1128.0
1439.0,2023-03-30T12:52:50Z,31.593667387399986,5.9244274300604,313.0
1339.0,2023-03-30T12:52:50Z,31.765555096321254,5.944490033309886,247.0
2886.0,2023-03-30T12:52:50Z,31.77694197924664,5.996544355254497,300.0
788.0,2023-03-30T12:52:50Z,31.69614933372844,5.967263799160653,263.0
817.0,2023-03-30T12:52:50Z,31.782364304449203,6.215064060917813,218.0
3030.0,2023-03-31T07:23:49Z,21.112855003364594,72.81043550124409,493.0
2328.0,2023-03-31T19:49:37Z,28.988782360088365,-108.53760420093703,654.0
2778.0,2023-04-03T08:10:31Z,24.61242368909924,46.899312288273286,1053.0
12927.0,2023-04-03T08:12:19Z,30.06294498271626,51.547329451910855,905.0
2217.0,2023-04-03T08:12:19Z,30.00329940548806,51.5641386600388,455.0
1923.0,2023-04-03T08:14:57Z,36.24114231851721,59.98663639718096,402.0
1459.0,2023-04-03T09:45:15Z,30.753206981002574,29.409602347404178,311.0
1229.0,2023-04-03T11:18:37Z,31.697776031289195,5.969432729241685,254.0
1401.0,2023-04-03T11:18:37Z,31.594751852440485,5.926596360141432,314.0
1257.0,2023-04-03T11:18:37Z,31.489558743510752,5.851226039825797,216.0
3155.0,2023-04-03T11:18:37Z,31.775857514206113,5.998713285335529,395.0
1182.0,2023-04-04T08:58:44Z,31.13276974518204,35.20227236130289,331.0
2169.0,2023-04-04T08:58:44Z,31.938527270283,36.18208652540615,351.0
2203.0,2023-04-04T08:58:44Z,35.30633345359529,40.43806957689837,411.0
2298.0,2023-04-04T08:58:44Z,35.349712055215804,40.36974827934607,476.0
1813.0,2023-04-04T08:58:44Z,35.383872703991955,40.43752734437811,390.0
2008.0,2023-04-04T08:58:44Z,35.3833304714717,40.36703711674478,400.0
890.0,2023-04-04T08:58:44Z,35.239096621083505,40.640322306954,321.0
2315.0,2023-04-04T08:58:44Z,36.13974483722933,41.08712190364524,498.0
2356.0,2023-04-04T08:58:44Z,36.16197637055984,41.0876641361655,359.0
1079.0,2023-04-05T06:35:43Z,21.876860624405797,55.984960397688944,345.0
834.0,2023-04-05T06:35:43Z,21.888789739851436,55.967066724520485,273.0
1339.0,2023-04-05T06:35:43Z,21.946266386998612,56.0364724871133,345.0
925.0,2023-04-05T06:35:43Z,21.943012991877072,56.016409883863815,317.0
1631.0,2023-04-05T08:12:46Z,33.80001151232309,44.120370621959374,470.0
1645.0,2023-04-05T08:12:46Z,33.558718040809005,44.246710799179105,486.0
2679.0,2023-04-13T09:57:29Z,48.24345915439197,57.358977604018634,512.0
3516.0,2023-04-16T12:22:03Z,31.61589892073042,35.23209514991708,534.0
2638.0,2023-04-16T21:37:35Z,35.303622290994,-111.09368830142596,774.0
2165.0,2023-04-17T09:58:36Z,39.51676897338593,53.57582131018989,493.0
5986.0,2023-04-17T09:58:36Z,39.5010442302985,53.58883489067604,967.0
8662.0,2023-04-17T09:58:36Z,39.46200348884004,53.775362877644234,984.0
3940.0,2023-04-17T09:58:36Z,39.46254572136029,53.62353777197245,459.0
2777.0,2023-04-17T09:58:36Z,39.37524628559902,53.8317550597509,580.0
3736.0,2023-04-17T09:58:36Z,39.35952154251159,53.76506045975936,686.0
1929.0,2023-04-17T09:58:36Z,39.33512107910005,54.0193675117596,331.0
3435.0,2023-04-18T06:06:02Z,39.11117904823422,108.44053440728956,437.0
2045.0,2023-04-18T06:06:02Z,37.52786008908563,110.80521042812757,426.0
2777.0,2023-04-18T06:06:02Z,37.43839172324333,110.84804679722782,400.0
1600.0,2023-04-18T06:06:02Z,37.42971600291923,110.87298949315962,477.0
3703.0,2023-04-18T06:06:02Z,37.483397022424604,110.85238465738988,448.0
1804.0,2023-04-18T09:11:52Z,38.412783562144035,61.65671255957056,317.0
3034.0,2023-04-18T09:11:52Z,37.95513931504766,63.5078943837258,361.0
2024.0,2023-04-18T20:01:18Z,39.85729099610696,-104.75607460466932,438.0
3735.0,2023-04-19T08:23:52Z,39.915309875774355,65.90401989073865,645.0
2057.0,2023-04-19T13:06:50Z,28.9150387373335,9.748793395428569,489.0
1021.0,2023-04-19T13:06:50Z,28.927510085299396,9.756384650712159,296.0
3002.0,2023-04-20T06:01:48Z,44.03193916956072,87.85738793835824,565.0
1427.0,2023-04-20T10:45:34Z,31.928767084918363,36.223296196945725,298.0
1278.0,2023-04-21T08:23:29Z,36.24981803884135,59.95301798092506,309.0
7427.0,2023-04-21T08:23:29Z,27.96721629192534,69.81188966422633,577.0
3369.0,2023-04-21T10:00:17Z,25.603082503607563,48.88930563761412,347.0
1078.0,2023-04-21T19:14:23Z,33.81085616272821,-101.92616308145145,283.0
2008.0,2023-04-22T07:34:37Z,40.05086800583852,61.043447579160635,341.0
4233.0,2023-04-22T09:10:58Z,31.136565372823803,49.36972365056135,834.0
1972.0,2023-04-22T09:10:58Z,30.715250704584605,49.83279022286028,314.0
3005.0,2023-04-23T05:15:16Z,37.40097767934562,94.4726246854859,518.0
1071.0,2023-04-23T05:15:16Z,37.30825591838178,94.26657632778847,357.0
988.0,2023-04-23T05:15:16Z,37.36356363544793,94.15270749853464,303.0
4893.0,2023-04-23T06:44:21Z,45.34088847345963,55.19275868559448,322.0
4076.0,2023-04-23T08:22:23Z,33.859657089551305,51.70728804538647,655.0
5128.0,2023-04-23T10:01:36Z,15.563647391061007,45.79858027215286,263.0
1900.0,2023-04-23T11:26:19Z,37.98008201097942,-1.2867228568290074,396.0
1559.0,2023-04-23T11:29:08Z,31.013478590725605,7.964306171264863,290.0
3273.0,2023-04-23T19:12:32Z,33.0793844929024,-112.28768431102988,695.0
2396.0,2023-04-24T04:24:44Z,44.030854704520245,87.86335249608102,456.0
2660.0,2023-04-24T06:08:59Z,14.055698752228011,99.96272895308161,554.0
1679.0,2023-04-24T09:08:18Z,31.912500109310677,36.20160689613548,387.0
3949.0,2023-04-24T16:49:49Z,38.82704920761984,-90.01873693662141,741.0
2146.0,2023-04-25T03:40:28Z,36.39947421443213,107.73020980575379,398.0
4277.0,2023-04-25T03:40:28Z,36.08443712016319,107.6553817179584,595.0
4265.0,2023-04-25T03:40:28Z,36.17607441608651,107.76382822200968,651.0
2666.0,2023-04-25T03:40:28Z,36.15058948763446,108.01921973905043,500.0
3637.0,2023-04-25T03:40:28Z,36.14408269739138,108.03928234229991,485.0
2000.0,2023-04-25T03:40:28Z,36.29807673314419,107.84028300736583,596.0
1678.0,2023-04-25T03:40:28Z,36.27909859493522,107.79419324314404,542.0
1239.0,2023-04-25T05:12:16Z,38.77499488567529,80.08068913284139,175.0
1515.0,2023-04-25T08:19:23Z,35.13281904711321,38.396021905612955,275.0
2869.0,2023-04-26T02:53:02Z,36.225417575429866,114.04884536430126,565.0
5011.0,2023-04-26T05:57:03Z,40.049241308277736,61.04182088159982,170.0
2009.0,2023-04-26T05:57:03Z,39.977666615603894,61.67623293029977,142.0
3471.0,2023-04-26T07:31:30Z,36.18583460145114,43.884499475647836,419.0
1319.0,2023-04-26T18:22:39Z,32.39996714502112,-116.73019534949081,361.0
1332.0,2023-04-26T18:22:39Z,32.378820076731124,-116.95467961287694,402.0
3156.0,2023-04-27T06:44:04Z,35.781329141339846,50.80338643411909,740.0
4145.0,2023-04-27T06:44:04Z,35.45924302430756,51.32989421128802,754.0
1623.0,2023-04-27T06:44:04Z,35.47876339503679,51.29464909747136,491.0
1658.0,2023-04-27T17:36:30Z,28.699772426791714,-106.0417079101966,375.0
3855.0,2023-04-28T02:49:00Z,39.79168086115593,97.8897740281415,432.0
2852.0,2023-04-28T05:55:24Z,38.03376303048483,53.92989914591739,1044.0
1864.0,2023-04-28T05:55:24Z,37.4861081850259,54.05027476541431,333.0
1573.0,2023-04-28T05:55:24Z,37.70950798337152,53.93965933128201,305.0
4242.0,2023-04-28T05:55:24Z,37.73661960938434,53.932068075998416,363.0
5622.0,2023-04-28T05:55:24Z,37.77023802564023,53.91797003047175,490.0
7999.0,2023-04-28T05:55:24Z,37.91176071342714,53.90549868250586,1029.0
1061.0,2023-04-28T09:03:09Z,32.29585850113195,13.081896697444511,369.0
1290.0,2023-04-28T09:03:09Z,32.601677642556545,13.335119284404236,295.0
6692.0,2023-04-29T05:08:11Z,36.40218537703338,61.395898717327256,254.0
3949.0,2023-04-29T05:08:11Z,36.427670305485435,61.478318060406224,280.0
5856.0,2023-04-29T05:08:11Z,36.47104890710594,61.45988215471751,289.0
3423.0,2023-04-29T05:08:11Z,36.57407308595465,61.48265592056828,255.0
6151.0,2023-04-29T05:08:11Z,36.54967262254311,61.568328658768785,212.0
1970.0,2023-04-29T05:08:11Z,36.476471232308505,61.63014316607801,174.0
1310.0,2023-04-29T05:08:11Z,36.61419829245362,61.64966353680724,185.0
1058.0,2023-04-29T05:08:11Z,36.59901578188644,61.601947075024675,227.0
2149.0,2023-04-29T05:08:11Z,36.20372827461955,61.595982517301856,369.0
2437.0,2023-04-29T05:08:11Z,36.307294685988516,61.86276091726799,259.0
3677.0,2023-04-29T05:08:11Z,36.421163515242355,61.70442902135313,169.0
14967.0,2023-04-30T05:55:56Z,30.06294498271623,51.54461828930963,907.0
1987.0,2023-04-30T05:55:56Z,29.42961739905679,52.70499588265825,403.0
1296.0,2023-04-30T07:28:53Z,29.55107748359423,28.546910407676343,246.0
1957.0,2023-04-30T07:28:53Z,29.602047340498327,28.620111797910955,402.0
1296.0,2023-04-30T07:28:53Z,29.5613799014791,28.822364527966577,206.0
1307.0,2023-04-30T07:28:53Z,29.716458402272423,28.638005471079413,226.0
2821.0,2023-04-30T16:44:07Z,34.447437141509226,-118.63343149559024,676.0
2847.0,2023-05-02T04:22:34Z,27.03620305464521,67.41251076209196,530.0
2247.0,2023-05-02T04:22:34Z,27.001500173348802,67.5572868450004,465.0
9444.0,2023-05-02T04:22:34Z,25.79557504829864,68.69489067249827,820.0
2052.0,2023-05-02T07:27:54Z,28.129886048002287,18.793231833304795,385.0
3249.0,2023-05-04T13:54:42Z,-22.81448592764421,-47.2409289485561,606.0
5739.0,2023-05-04T13:54:42Z,-23.350753890177756,-46.776235678696395,661.0
3934.0,2023-05-04T13:54:42Z,-23.64139052103517,-46.42649570313104,761.0
3771.0,2023-05-04T13:54:42Z,-23.40389267716288,-46.561511600674876,773.0
1019.0,2023-05-26T14:21:26Z,31.76663956136168,5.942863335749133,293.0
1866.0,2023-05-26T14:21:26Z,31.77206188656424,5.99112203005195,444.0
1185.0,2023-05-26T14:21:26Z,31.8024269076986,5.9000269666488805,340.0
2142.0,2023-05-27T13:32:35Z,28.637415686962267,7.615108428219755,337.0
959.0,2023-05-29T11:57:40Z,29.249053969811417,21.552653128889396,224.0
15020.0,2023-05-30T09:37:28Z,30.06294498271617,51.54624498687036,833.0
1481.0,2023-05-31T10:23:16Z,31.946660758086832,36.23197191726979,290.0
2282.0,2023-05-31T10:23:16Z,35.04823077395325,40.69671448906071,486.0
3125.0,2023-06-01T09:36:23Z,33.46979190748692,44.47119506256526,390.0
3149.0,2023-06-02T07:19:17Z,42.015918659247525,86.55386095966189,663.0
2363.0,2023-06-03T07:59:14Z,28.9974580804124,51.946412586819605,365.0
2215.0,2023-06-03T07:59:14Z,29.43015963157698,52.70391141761775,2512.0
4419.0,2023-06-03T08:03:27Z,39.917478805855424,65.90456212325891,772.0
2357.0,2023-06-03T09:32:09Z,29.60313180553878,28.617400635309593,199.0
1255.0,2023-06-03T09:32:09Z,29.54457069335109,28.542572547514215,304.0
1574.0,2023-06-03T09:32:09Z,29.56137990147904,28.822906760486756,322.0
3383.0,2023-06-04T07:06:41Z,15.584252226830673,46.03445141846443,275.0
6688.0,2023-06-04T18:01:53Z,31.807307000380952,-104.172632412873,871.0
3419.0,2023-06-04T18:01:53Z,31.819778348346848,-104.29626142749144,671.0
4757.0,2023-06-04T18:01:53Z,32.31483663934091,-103.21125415445846,519.0
2242.0,2023-06-04T18:01:53Z,33.064744214855466,-102.95694710245822,613.0
7864.0,2023-06-05T08:00:26Z,39.475017069326235,53.66149404839048,586.0
6244.0,2023-06-05T08:00:26Z,39.361148240072396,53.76289152967842,359.0
4278.0,2023-06-05T08:00:26Z,39.36060600755214,53.7992211085356,564.0
5578.0,2023-06-05T08:00:26Z,39.37741521568009,53.833923989832,557.0
4222.0,2023-06-05T08:00:26Z,39.33783224170137,54.017740814198916,552.0
2157.0,2023-06-05T08:00:26Z,39.52002236850751,53.76180706463791,510.0
2228.0,2023-06-06T05:35:23Z,27.985109965093848,69.81243189674656,820.0
5369.0,2023-06-06T10:14:59Z,30.895271901309776,1.8636480858604783,654.0
2221.0,2023-06-07T09:26:29Z,29.49197413888625,6.539861340551391,276.0
2351.0,2023-06-07T09:26:29Z,29.64651040715931,6.960633776270331,433.0
1193.0,2023-06-07T09:26:29Z,29.631870129112393,6.763261138897014,247.0
2767.0,2023-06-08T16:22:11Z,31.949371920688073,-103.04533100326015,352.0
4275.0,2023-06-09T04:51:06Z,44.04278381996581,87.87040151884435,573.0
1870.0,2023-06-09T07:50:16Z,28.581023504855583,17.331915191213817,384.0
1253.0,2023-06-09T17:10:10Z,36.37941161118263,-114.86328878224779,349.0
5432.0,2023-06-09T17:10:10Z,40.041650052994136,-108.77618650984981,907.0
2569.0,2023-06-10T03:57:59Z,31.624032408534266,74.41381706364213,676.0
17525.0,2023-06-10T05:30:19Z,30.36063063633696,49.8794222196023,931.0
2642.0,2023-06-10T05:30:19Z,30.44738783957798,49.83821254806281,400.0
2163.0,2023-06-10T05:30:19Z,30.61602215337771,49.90707607813537,523.0
6082.0,2023-06-10T05:30:19Z,30.764593863927956,49.98353086349152,437.0
2149.0,2023-06-10T05:30:19Z,30.75646037612411,49.71349906840385,409.0
7222.0,2023-06-10T05:30:19Z,30.994500452516654,49.946659052114086,515.0
3625.0,2023-06-10T05:30:19Z,30.970642221625376,49.82791013017794,665.0
4757.0,2023-06-10T05:30:19Z,31.130600815101005,49.8805066846428,652.0
1313.0,2023-06-10T05:30:19Z,30.918045667160506,49.6793384196277,345.0
4716.0,2023-06-10T16:21:55Z,35.56714729583859,-109.72184002517743,868.0
1681.0,2023-06-11T04:44:27Z,36.10449972341265,62.33396097737082,265.0
1913.0,2023-06-11T04:44:27Z,38.26258515403299,66.01734648747232,290.0
3983.0,2023-06-11T06:16:38Z,34.1849966017051,36.6869050017649,455.0
2809.0,2023-06-12T05:32:53Z,44.06609981833687,58.66955360547819,529.0
1098.0,2023-06-13T04:43:14Z,40.25040957329288,58.438020319328785,204.0
2438.0,2023-06-13T11:13:48Z,36.59738908432571,61.60520047014617,429.0
4427.0,2023-06-13T11:13:48Z,36.54858815750264,61.56561749616746,312.0
2693.0,2023-06-13T11:13:48Z,36.502498393280845,61.658881489651556,338.0
5373.0,2023-06-13T11:13:48Z,36.472133372146494,61.45662875959593,508.0
1749.0,2023-06-13T11:13:48Z,36.392425191668806,61.363364766111836,327.0
2048.0,2023-06-13T11:13:48Z,36.42658584044496,61.47777582788593,248.0
4204.0,2023-06-13T11:13:48Z,36.431465933127264,61.48753601325054,548.0
2421.0,2023-06-13T11:13:48Z,36.419536817681625,61.550977218120536,462.0
1141.0,2023-06-13T11:13:48Z,36.407607702235985,61.58242670429541,273.0
1413.0,2023-06-14T10:24:03Z,40.79860665127202,61.29233230595826,377.0
2283.0,2023-06-14T10:24:03Z,39.97603991804311,61.6832819530631,339.0
3656.0,2023-06-14T10:24:03Z,40.45428900090922,62.13604610747716,424.0
10171.0,2023-06-14T10:24:03Z,40.23251590012437,62.33884107005305,2128.0
1416.0,2023-06-14T10:24:03Z,40.21407999443565,62.35998813834305,278.0
3183.0,2023-06-14T10:24:03Z,40.258000828576414,62.48253268792099,358.0
3345.0,2023-06-14T10:24:03Z,39.26354638642624,64.10001229584573,525.0
3043.0,2023-06-14T10:24:03Z,38.73486967917628,64.61838658521081,363.0
1637.0,2023-06-14T10:24:03Z,38.78746623364115,64.62055551529184,388.0
1803.0,2023-06-14T10:24:03Z,38.66275275398218,64.77454955104464,344.0
3098.0,2023-06-14T19:37:06Z,47.760329978843494,-96.64915619431632,650.0
1695.0,2023-06-16T11:59:49Z,24.603747968775068,46.89768559071251,388.0
4410.0,2023-06-16T21:13:43Z,31.334480242717433,-101.79602727658974,536.0
1503.0,2023-06-16T21:13:43Z,31.671206637796637,-101.88278447983075,450.0
2708.0,2023-06-16T21:13:43Z,31.269412340286667,-101.69354533026129,520.0
1618.0,2023-06-16T21:13:43Z,31.313333174427434,-101.61492161482411,465.0
3122.0,2023-06-16T21:13:43Z,31.16150806875565,-101.30042675307541,671.0
1936.0,2023-06-17T11:00:03Z,50.36738393623616,3.6128901962075157,428.0
4389.0,2023-06-20T08:44:14Z,39.373077355518035,53.83771961747374,507.0
8564.0,2023-06-20T08:44:14Z,39.3573526124306,53.80247450365707,636.0
5635.0,2023-06-20T08:44:14Z,39.44519428071213,53.59859507604068,1020.0
3922.0,2023-06-20T08:44:14Z,39.4641724189211,53.6381780500194,663.0
5283.0,2023-06-20T08:44:14Z,39.36006377503188,53.77048278496195,682.0
1472.0,2023-06-20T08:44:14Z,39.43543409534752,53.60672856384453,460.0
2857.0,2023-06-20T08:44:14Z,39.474474836805975,53.74228669390862,594.0
8900.0,2023-06-20T08:44:14Z,39.46091902379956,53.62679116709401,936.0
2117.0,2023-06-20T08:44:14Z,39.34433903194444,53.886520544296815,430.0
978.0,2023-06-20T08:44:14Z,39.453327768515976,53.61486205164837,389.0
2538.0,2023-06-20T08:44:14Z,39.486403952251614,53.70975274269323,471.0
2036.0,2023-06-20T08:44:14Z,39.480981627049054,53.686436744322215,481.0
2105.0,2023-06-20T08:44:14Z,39.332952149019064,54.02262090688116,420.0
2277.0,2023-06-20T08:44:14Z,39.46363018640085,53.70975274269323,428.0
1673.0,2023-06-20T08:44:14Z,39.44573651323239,53.80139003861656,360.0
1412.0,2023-06-20T08:44:14Z,39.459292326238796,53.78512306300887,334.0
1665.0,2023-06-20T08:44:14Z,39.49019957989341,53.76180706463785,398.0
5188.0,2023-06-20T08:44:14Z,38.8503652059909,54.23517605482166,326.0
7502.0,2023-06-20T08:44:14Z,38.643232383252965,54.283434749124474,501.0
8057.0,2023-06-20T08:44:14Z,38.55430624993092,54.19776201092397,723.0
2123.0,2023-06-20T08:44:14Z,38.67956196211014,54.31596870033985,305.0
1009.0,2023-06-22T11:50:37Z,31.498234463834866,5.830621204056065,222.0
2417.0,2023-06-22T19:32:01Z,37.87868452969147,-121.18843113103888,419.0
1842.0,2023-06-22T19:32:01Z,37.95297038496659,-120.95635561236915,468.0
5929.0,2023-06-24T05:29:00Z,48.23369896902732,57.34813295361347,525.0
1871.0,2023-06-24T05:30:36Z,46.04958637743471,65.05379929897674,428.0
6933.0,2023-06-25T03:13:55Z,37.43730725820282,110.84262447202569,813.0
2795.0,2023-06-25T03:13:55Z,37.46550334925615,110.87949628340311,598.0
3833.0,2023-06-25T06:16:49Z,43.55260562165414,52.39429664855133,432.0
1409.0,2023-06-25T06:16:49Z,43.42355428183313,52.408394694078,261.0
2861.0,2023-06-25T06:16:49Z,43.401322748502615,52.48105385179235,346.0
2749.0,2023-06-25T06:18:46Z,39.6946212400301,60.21166289308733,534.0
2210.0,2023-06-25T06:18:46Z,39.683776589624976,60.21437405568861,308.0
2437.0,2023-06-25T07:52:48Z,36.163060835600376,41.088748601206035,381.0
1866.0,2023-06-25T07:52:48Z,36.14028706974961,41.078988415841415,356.0
3549.0,2023-06-26T08:40:04Z,30.44142328185514,30.79121080901738,600.0
3426.0,2023-06-26T10:12:32Z,31.777484211766833,5.994917657693744,322.0
3907.0,2023-06-26T10:12:32Z,31.729767749984273,6.169516529216294,333.0
2945.0,2023-06-26T10:12:32Z,31.670122172756074,5.808389670725553,228.0
968.0,2023-06-26T10:12:32Z,31.782364304449143,6.213979595877316,209.0
1601.0,2023-06-26T10:12:32Z,28.08867637646277,9.796509857211133,422.0
4499.0,2023-06-27T03:08:22Z,44.037361494763346,87.8622680310405,581.0
4029.0,2023-06-27T04:42:31Z,41.10117239757507,69.48329675695103,677.0
1916.0,2023-06-27T07:52:01Z,31.92280252719557,36.20919815141897,474.0
1261.0,2023-06-27T07:52:01Z,31.907077784108136,36.23522531239127,280.0
1096.0,2023-06-27T07:52:01Z,31.895148668662497,36.251492287998964,270.0
1667.0,2023-06-28T05:29:39Z,36.23517776079446,59.98988979230253,397.0
5265.0,2023-06-28T05:29:39Z,28.141815163447923,69.35912550981229,785.0
6201.0,2023-06-28T05:29:39Z,27.967216291925375,69.81026296666559,368.0
2715.0,2023-06-28T05:29:39Z,25.90835941251195,71.5698074948975,398.0
1404.0,2023-06-28T16:19:24Z,36.24873357380089,-104.61292521932155,437.0
4922.0,2023-06-29T01:34:41Z,39.213118762042434,108.40095143331142,972.0
5266.0,2023-06-29T01:34:41Z,39.07647616693783,108.62380899913678,898.0
3260.0,2023-06-29T01:34:41Z,39.07701839945809,109.04187027225444,613.0
3176.0,2023-06-29T01:34:41Z,39.31939633601269,109.14543668362342,392.0
9004.0,2023-06-29T01:34:41Z,37.800060814254344,111.09313589638428,1239.0
4240.0,2023-06-29T04:40:14Z,40.05032577331828,61.0396519515188,204.0
1301.0,2023-06-29T04:40:14Z,38.660583823901206,62.89137600819429,278.0
1205.0,2023-06-29T04:40:14Z,38.68010419463044,63.10772678377658,259.0
1148.0,2023-06-29T04:40:14Z,37.9996023817087,63.178217011409906,238.0
2020.0,2023-06-29T04:40:14Z,37.91718303862973,63.24653830896221,309.0
2070.0,2023-06-29T06:14:16Z,36.94929798997206,42.1298350400983,440.0
1398.0,2023-06-29T06:14:16Z,35.29548880319014,44.42239413574222,317.0
2591.0,2023-06-29T06:14:16Z,31.30574191914379,49.12083892376364,366.0
1913.0,2023-06-29T06:14:16Z,31.337733637838916,49.21356068472748,402.0
2461.0,2023-06-29T06:14:16Z,31.136565372823803,49.31224700341414,287.0
2194.0,2023-06-29T06:14:16Z,31.139818767945343,49.32526058390029,395.0
8837.0,2023-06-29T06:14:16Z,30.799296745224343,49.70156995295821,979.0
3474.0,2023-06-29T06:14:16Z,30.964677663902535,49.59041228630566,388.0
6142.0,2023-06-29T06:14:16Z,30.366595194059762,49.88104891716307,605.0
3604.0,2023-06-29T06:14:16Z,30.76296716636717,49.983530863491524,410.0
4055.0,2023-06-29T06:14:16Z,30.17789827701055,50.41297901953456,372.0
3512.0,2023-06-29T06:14:16Z,30.06728284287825,50.61089388942814,423.0
3449.0,2023-06-29T06:14:16Z,30.186031764814395,50.371227115474824,384.0
8797.0,2023-06-29T06:14:16Z,29.89539513395698,50.42816153010175,1026.0
2707.0,2023-06-29T06:17:27Z,28.64229577964458,52.0440144404657,470.0
4009.0,2023-06-29T06:17:27Z,24.995782080920513,55.622206841637464,625.0
2549.0,2023-06-29T15:40:42Z,9.727056543021396,-73.5007076720517,586.0
2578.0,2023-06-30T07:05:03Z,15.595096877235857,46.032824720903605,343.0
1193.0,2023-06-30T10:23:58Z,-19.114833441934962,24.162418248883252,329.0
1899.0,2023-06-30T16:16:53Z,33.08209565550366,-112.28768431102974,499.0
1694.0,2023-07-29T10:06:30Z,39.97603991804313,61.683824185583354,345.0
5468.0,2023-08-01T09:16:36Z,37.9079650857853,53.89899189226275,393.0
2092.0,2023-08-01T09:16:36Z,37.92694322399427,53.91851226299198,389.0
2006.0,2023-08-01T09:16:36Z,38.22462887761502,54.08931550687274,407.0
4740.0,2023-08-01T09:16:36Z,38.33036421906501,54.03183885972556,398.0
8409.0,2023-08-01T09:16:36Z,38.649196940975756,54.28289251660426,339.0
6996.0,2023-08-01T09:16:36Z,38.67956196211011,54.316510932860155,380.0
6248.0,2023-08-01T09:16:36Z,38.8536186011124,54.23788721742298,270.0
1907.0,2023-08-04T17:41:29Z,31.481425255706842,-101.8334413204874,302.0
2235.0,2023-08-04T17:41:29Z,31.576858179271962,-101.03852844579157,337.0
1709.0,2023-08-04T17:41:29Z,31.579569341873245,-101.82205443756202,470.0
2428.0,2023-08-04T17:41:29Z,31.669579940235803,-101.98418196111867,398.0
2008.0,2023-08-05T06:08:27Z,41.842946485285765,84.30522269815873,504.0
1595.0,2023-08-05T07:38:38Z,35.4662920470709,51.310373840558846,390.0
1682.0,2023-08-05T07:38:38Z,35.79054709418421,50.795795178835554,347.0
1082.0,2023-08-05T07:40:37Z,40.252036270853566,58.44073148193009,248.0
2168.0,2023-08-05T09:08:40Z,28.4546833276358,19.520907875488792,216.0
1238.0,2023-08-05T09:08:40Z,28.7827340023909,19.806122181143643,199.0
2406.0,2023-08-05T09:08:40Z,29.709409379509033,19.881492501459277,593.0
3727.0,2023-08-06T03:46:59Z,39.31885410349243,109.15031677630584,542.0
3026.0,2023-08-07T07:35:11Z,31.31929773215023,34.737579091443195,456.0
1513.0,2023-08-07T07:35:11Z,31.607765432926616,35.23805970763982,371.0
2835.0,2023-08-07T07:35:11Z,34.8638717170661,38.85908847791184,612.0
2928.0,2023-08-09T16:50:40Z,32.40810063282498,-116.74266669745636,617.0
6784.0,2023-08-10T06:51:40Z,45.32787489297342,52.370980650180336,989.0
13345.0,2023-08-14T10:08:19Z,45.34197293850009,52.36664279001825,2370.0
5490.0,2023-08-15T09:20:26Z,47.01042240332894,54.08389318167011,5818.0
1851.0,2023-08-17T10:58:03Z,35.348627590175234,40.37191720942718,337.0
3281.0,2023-08-17T10:58:03Z,35.30633345359524,40.44511859966179,289.0
9263.0,2023-08-17T20:15:10Z,35.64522877875555,-101.4273091628154,629.0
2835.0,2023-08-23T09:17:47Z,45.227561876726064,11.625460148035863,602.0
2689.0,2023-08-23T09:17:47Z,45.23352643444888,12.008818539857113,610.0
1949.0,2023-08-23T09:23:49Z,31.316586569548964,34.73703685892294,331.0
809.0,2023-08-23T10:56:29Z,31.938527270282975,10.35284042299415,231.0
5483.0,2023-08-23T17:06:09Z,36.40381207459414,-89.15441829933275,815.0
4470.0,2023-08-24T07:00:49Z,38.55755964505247,54.20264210360631,276.0
6706.0,2023-08-24T07:00:49Z,38.68118865967092,54.31434200277912,818.0
10152.0,2023-08-24T07:00:49Z,38.648112475935285,54.28018135400297,400.0
4084.0,2023-08-24T07:00:49Z,38.856871996233984,54.22812703205836,354.0
1378.0,2023-08-25T07:47:43Z,36.12998465186466,40.81871680611843,312.0
2967.0,2023-08-25T07:47:43Z,30.26411324773128,47.75061734507583,406.0
4003.0,2023-08-25T07:47:43Z,30.21205892578667,47.81785417758762,531.0
2846.0,2023-08-25T17:05:57Z,33.03166803111979,-96.9549753357409,593.0
3096.0,2023-08-25T17:05:57Z,32.67921689295315,-96.728864374794,537.0
2369.0,2023-08-25T17:05:57Z,32.54799662305111,-96.69578819105836,514.0
1893.0,2023-08-28T07:02:35Z,25.13405137358585,47.36346332561276,281.0
951.0,2023-08-28T07:02:35Z,24.045790705431322,49.07800255466339,204.0
2306.0,2023-10-04T17:47:32Z,32.083303353191454,-104.48387387950088,407.0
4715.0,2023-10-04T17:47:32Z,32.566974761260134,-104.15961883238757,837.0
1419.0,2023-10-04T17:47:32Z,32.64017615149474,-104.20191296896756,308.0
2518.0,2023-10-04T17:47:32Z,32.764347398633454,-104.28812793968832,363.0
2508.0,2023-10-04T17:47:32Z,32.75458721326884,-104.2089619917309,395.0
1604.0,2023-10-04T17:47:32Z,32.75350274822833,-104.21926440961577,386.0
1486.0,2023-10-04T17:47:32Z,32.66349214986577,-103.94001466168373,385.0
3035.0,2023-10-04T17:47:32Z,32.259528922274775,-103.97363307793964,726.0
